{
  "0": {
    "precision": 0.9897750511247444,
    "recall": 0.9603174603174603,
    "f1-score": 0.9748237663645518,
    "support": 504.0
  },
  "1": {
    "precision": 0.9897750511247444,
    "recall": 0.9738430583501007,
    "f1-score": 0.9817444219066938,
    "support": 497.0
  },
  "2": {
    "precision": 0.9556541019955654,
    "recall": 0.9795454545454545,
    "f1-score": 0.9674523007856342,
    "support": 440.0
  },
  "3": {
    "precision": 0.9445506692160612,
    "recall": 0.9840637450199203,
    "f1-score": 0.9639024390243902,
    "support": 502.0
  },
  "4": {
    "precision": 0.9757709251101322,
    "recall": 0.9757709251101322,
    "f1-score": 0.9757709251101322,
    "support": 454.0
  },
  "5": {
    "precision": 0.9975369458128078,
    "recall": 0.9619952494061758,
    "f1-score": 0.9794437726723095,
    "support": 421.0
  },
  "6": {
    "precision": 0.9761904761904762,
    "recall": 0.9890350877192983,
    "f1-score": 0.9825708061002179,
    "support": 456.0
  },
  "7": {
    "precision": 0.9014084507042254,
    "recall": 0.9365853658536586,
    "f1-score": 0.9186602870813397,
    "support": 410.0
  },
  "8": {
    "precision": 0.9957716701902748,
    "recall": 0.9874213836477987,
    "f1-score": 0.991578947368421,
    "support": 477.0
  },
  "9": {
    "precision": 0.9402061855670103,
    "recall": 0.9559748427672956,
    "f1-score": 0.9480249480249481,
    "support": 477.0
  },
  "10": {
    "precision": 0.9978260869565218,
    "recall": 0.9870967741935484,
    "f1-score": 0.9924324324324324,
    "support": 465.0
  },
  "11": {
    "precision": 0.9533468559837728,
    "recall": 0.9957627118644068,
    "f1-score": 0.9740932642487047,
    "support": 472.0
  },
  "12": {
    "precision": 0.991578947368421,
    "recall": 0.98125,
    "f1-score": 0.9863874345549738,
    "support": 480.0
  },
  "13": {
    "precision": 0.9883449883449883,
    "recall": 0.986046511627907,
    "f1-score": 0.9871944121071012,
    "support": 430.0
  },
  "14": {
    "precision": 0.9976190476190476,
    "recall": 0.9905437352245863,
    "f1-score": 0.9940688018979834,
    "support": 423.0
  },
  "15": {
    "precision": 0.9823529411764705,
    "recall": 0.9960238568588469,
    "f1-score": 0.9891411648568608,
    "support": 503.0
  },
  "16": {
    "precision": 0.9908466819221968,
    "recall": 0.9433551198257081,
    "f1-score": 0.9665178571428571,
    "support": 459.0
  },
  "17": {
    "precision": 0.9707207207207207,
    "recall": 0.9976851851851852,
    "f1-score": 0.9840182648401826,
    "support": 432.0
  },
  "18": {
    "precision": 0.9885321100917431,
    "recall": 0.9016736401673641,
    "f1-score": 0.9431072210065645,
    "support": 478.0
  },
  "19": {
    "precision": 0.9762419006479481,
    "recall": 0.9094567404426559,
    "f1-score": 0.9416666666666667,
    "support": 497.0
  },
  "20": {
    "precision": 0.9956331877729258,
    "recall": 0.9402061855670103,
    "f1-score": 0.9671261930010604,
    "support": 485.0
  },
  "21": {
    "precision": 0.9019230769230769,
    "recall": 0.9670103092783505,
    "f1-score": 0.9333333333333333,
    "support": 485.0
  },
  "22": {
    "precision": 0.9359504132231405,
    "recall": 0.993421052631579,
    "f1-score": 0.9638297872340426,
    "support": 456.0
  },
  "23": {
    "precision": 0.9401709401709402,
    "recall": 0.9887640449438202,
    "f1-score": 0.963855421686747,
    "support": 445.0
  },
  "24": {
    "precision": 0.9688715953307393,
    "recall": 0.9861386138613861,
    "f1-score": 0.9774288518155054,
    "support": 505.0
  },
  "25": {
    "precision": 0.9882352941176471,
    "recall": 0.967741935483871,
    "f1-score": 0.9778812572759022,
    "support": 434.0
  },
  "26": {
    "precision": 0.9688888888888889,
    "recall": 0.9819819819819819,
    "f1-score": 0.9753914988814317,
    "support": 444.0
  },
  "27": {
    "precision": 0.9933481152993349,
    "recall": 0.9824561403508771,
    "f1-score": 0.9878721058434399,
    "support": 456.0
  },
  "28": {
    "precision": 0.9623529411764706,
    "recall": 0.9623529411764706,
    "f1-score": 0.9623529411764706,
    "support": 425.0
  },
  "29": {
    "precision": 0.902834008097166,
    "recall": 0.9291666666666667,
    "f1-score": 0.9158110882956879,
    "support": 480.0
  },
  "30": {
    "precision": 0.927437641723356,
    "recall": 0.8833693304535637,
    "f1-score": 0.9048672566371682,
    "support": 463.0
  },
  "31": {
    "precision": 0.9786324786324786,
    "recall": 0.9744680851063829,
    "f1-score": 0.976545842217484,
    "support": 470.0
  },
  "32": {
    "precision": 0.9214780600461894,
    "recall": 0.9151376146788991,
    "f1-score": 0.9182968929804373,
    "support": 436.0
  },
  "33": {
    "precision": 0.9274725274725275,
    "recall": 0.9701149425287356,
    "f1-score": 0.9483146067415731,
    "support": 435.0
  },
  "34": {
    "precision": 0.9285714285714286,
    "recall": 0.9102844638949672,
    "f1-score": 0.9193370165745857,
    "support": 457.0
  },
  "35": {
    "precision": 0.9876288659793815,
    "recall": 0.9775510204081632,
    "f1-score": 0.9825641025641025,
    "support": 490.0
  },
  "36": {
    "precision": 0.991130820399113,
    "recall": 0.9977678571428571,
    "f1-score": 0.9944382647385984,
    "support": 448.0
  },
  "37": {
    "precision": 0.9874213836477987,
    "recall": 0.9792099792099792,
    "f1-score": 0.9832985386221295,
    "support": 481.0
  },
  "accuracy": 0.9657409515137719,
  "macro avg": {
    "precision": 0.9661060914563284,
    "recall": 0.9658050003550804,
    "f1-score": 0.9656617140477017,
    "support": 17572.0
  },
  "weighted avg": {
    "precision": 0.9663369913056231,
    "recall": 0.9657409515137719,
    "f1-score": 0.9657404714441815,
    "support": 17572.0
  }
}