{
  "accuracy": [
    0.9949498772621155,
    0.9955331087112427,
    0.9957891702651978,
    0.9955331087112427,
    0.9962586164474487,
    0.9960736632347107,
    0.9965858459472656,
    0.9965858459472656,
    0.9967280626296997,
    0.9969699382781982
  ],
  "loss": [
    0.4551240801811218,
    0.453205943107605,
    0.45141318440437317,
    0.4504425525665283,
    0.44828999042510986,
    0.44757890701293945,
    0.4452470541000366,
    0.4444366991519928,
    0.44319847226142883,
    0.44109803438186646
  ],
  "val_accuracy": [
    0.9897564053535461,
    0.9928295016288757,
    0.9935123920440674,
    0.9936831593513489,
    0.9939107894897461,
    0.9940245747566223,
    0.9939676523208618,
    0.994422972202301,
    0.994195282459259,
    0.9953334927558899
  ],
  "val_loss": [
    0.45508456230163574,
    0.4405963122844696,
    0.4440750479698181,
    0.43941032886505127,
    0.43781498074531555,
    0.4357089400291443,
    0.43369564414024353,
    0.431719571352005,
    0.4307764768600464,
    0.4289659559726715
  ],
  "learning_rate": [
    4.999999873689376e-05,
    4.999999873689376e-05,
    4.999999873689376e-05,
    4.999999873689376e-05,
    4.999999873689376e-05,
    4.999999873689376e-05,
    4.999999873689376e-05,
    4.999999873689376e-05,
    4.999999873689376e-05,
    4.999999873689376e-05
  ]
}