{
  "accuracy": 0.9977665543556213,
  "loss": 0.422214150428772
}