{"accuracy": [0.5987339019775391, 0.8580126762390137, 0.9116011261940002, 0.9403371214866638, 0.9551461935043335, 0.9633402228355408, 0.9700405597686768, 0.9755886197090149, 0.9792588353157043, 0.982545018196106], "loss": [1.3700989484786987, 0.4505040645599365, 0.27607572078704834, 0.1841234564781189, 0.13850705325603485, 0.11105319857597351, 0.09024883061647415, 0.07322973012924194, 0.06355135142803192, 0.055494844913482666], "val_accuracy": [0.8259162306785583, 0.8816867470741272, 0.9261893630027771, 0.9426929354667664, 0.9483268857002258, 0.9459367394447327, 0.9487821459770203, 0.9532779455184937, 0.9574891924858093, 0.9627248048782349], "val_loss": [0.565138578414917, 0.3616400361061096, 0.2294536679983139, 0.17929039895534515, 0.15599563717842102, 0.17519135773181915, 0.1691151261329651, 0.17193461954593658, 0.14597821235656738, 0.13073699176311493]}