{
  "accuracy": 0.9977665543556213,
  "loss": 0.4222140908241272
}